{"sections":{"background_video_H9TABb":{"type":"background-video","settings":{"section_size":"preserveRatio","video_url":"https:\/\/www.youtube.com\/watch?v=_9VUPq3SxOc"}},"featured_collections_7zq7xa":{"type":"collection-template","disabled":true,"settings":{"show_collection_info":true,"show_collection_image":false,"apply_overlay":true,"show_color_swatch":false,"show_vendor":false,"collection_image_size":"normal","show_sort_by":true,"show_layout_switch":false,"toolbar_position":"top","filter_position":"sidebar","filter_mode":"tag","show_filter_color_swatch":true,"filter_menu":"","grid_items_per_page":16,"grid_mobile_items_per_row":"2","grid_desktop_items_per_row":4}}},"order":["background_video_H9TABb","featured_collections_7zq7xa"]}