{"sections":{"featured_video_KYnxPM":{"type":"featured-video","settings":{"section_size":"large","text_color":"#ffffff","subheading":"","title":"Your video","image":"shopify:\/\/shop_images\/IMG_4090_3c4ff469-44fb-43cf-ab84-2728799b89fb.jpg","video_url":"https:\/\/www.youtube.com\/watch?v=_9VUPq3SxOc"}},"custom_html_8ppfEx":{"type":"custom-html","settings":{"subheading":"Welcome","title":"","html":"<h2 class=\"SectionHeader__Heading Heading u-h1\" id=\"invite-name\">Welcome<\/h2>"}},"testimonials_6HxMkK":{"type":"testimonials","blocks":{"testimonial_FVwBdG":{"type":"testimonial","settings":{"quote":"<p>Share what your customers are saying about your products, your company...<\/p>"}},"testimonial_wKDNAF":{"type":"testimonial","settings":{"quote":"<p>Share what your customers are saying about your products, your company...<\/p>"}},"testimonial_9VUMEp":{"type":"testimonial","settings":{"quote":"<p>Share what your customers are saying about your products, your company...<\/p>"}}},"block_order":["testimonial_FVwBdG","testimonial_wKDNAF","testimonial_9VUMEp"],"settings":{"autoplay":true,"cycle_speed":5,"background":"#eaeaea","text_color":"#1c1b1b"}},"17092906773ad1cdd0":{"type":"apps","blocks":{"instafeed_app_block_VjhRWt":{"type":"shopify:\/\/apps\/instafeed\/blocks\/app-block\/c447db20-095d-4a10-9725-b5977662c9d5","settings":{"title":"","title_color":"","alignment":"center","html_area":""}}},"block_order":["instafeed_app_block_VjhRWt"],"settings":{}},"featured_collections_7zq7xa":{"type":"collection-template","disabled":true,"settings":{"show_collection_info":true,"show_collection_image":false,"apply_overlay":true,"show_color_swatch":false,"show_vendor":false,"collection_image_size":"normal","show_sort_by":true,"show_layout_switch":false,"toolbar_position":"top","filter_position":"sidebar","filter_mode":"tag","show_filter_color_swatch":true,"filter_menu":"","grid_items_per_page":16,"grid_mobile_items_per_row":"2","grid_desktop_items_per_row":4}},"featured_collections_x4mEQV":{"type":"featured-collections","blocks":{"collection_aed8iw":{"type":"collection","settings":{"collection":"alfie-s-records","title":"","grid_items_count":8,"button_text":"View all products"}}},"block_order":["collection_aed8iw"],"settings":{"title":"Featured collection","layout_mode":"grid","show_product_info":true,"show_vendor":false,"show_color_swatch":false,"grid_mobile_items_per_row":"2","grid_desktop_items_per_row":4}},"image_with_text_overlay_J8h9AP":{"type":"image-with-text-overlay","settings":{"section_size":"large","text_color":"#ffffff","overlay_color":"#000000","overlay_opacity":30,"subheading":"","title":"Tell your story","content":"<p>Add your own custom content to give more information about your store, availability details...<\/p>"}},"shop_the_look_7EC9cw":{"type":"shop-the-look","blocks":{"look_rPgzKV":{"type":"look","settings":{"dot_style":"light","product_1":"","product_1_horizontal_position":30,"product_1_vertical_position":40,"product_2":"","product_2_horizontal_position":45,"product_2_vertical_position":65,"product_3":"","product_3_horizontal_position":70,"product_3_vertical_position":50}}},"block_order":["look_rPgzKV"],"settings":{"subheading":"Shop","title":"Our looks","show_mobile_product_info":false}}},"order":["featured_video_KYnxPM","custom_html_8ppfEx","testimonials_6HxMkK","17092906773ad1cdd0","featured_collections_7zq7xa","featured_collections_x4mEQV","image_with_text_overlay_J8h9AP","shop_the_look_7EC9cw"]}