{"sections":{"background_video_H9TABb":{"type":"background-video","settings":{"section_size":"preserveRatio","video_url":"https:\/\/www.youtube.com\/watch?v=_9VUPq3SxOc"}},"timeline_gAkK7d":{"type":"timeline","blocks":{"item_Rc3nmd":{"type":"item","settings":{"apply_overlay":true,"title":"2000","subheading":"Sub-heading","heading":"Heading","content":"<p>Add your own custom content to give more information about your store, availability details...<\/p>"}},"item_kYpQNt":{"type":"item","settings":{"apply_overlay":true,"title":"2001","subheading":"Sub-heading","heading":"Heading","content":"<p>Add your own custom content to give more information about your store, availability details...<\/p>"}},"item_eKhtr6":{"type":"item","settings":{"apply_overlay":true,"title":"2002","subheading":"Sub-heading","heading":"Heading","content":"<p>Add your own custom content to give more information about your store, availability details...<\/p>"}}},"block_order":["item_Rc3nmd","item_kYpQNt","item_eKhtr6"],"settings":{"text_color":"#ffffff"}},"featured_collections_7zq7xa":{"type":"collection-template","disabled":true,"settings":{"show_collection_info":true,"show_collection_image":false,"apply_overlay":true,"show_color_swatch":false,"show_vendor":false,"collection_image_size":"normal","show_sort_by":true,"show_layout_switch":false,"toolbar_position":"top","filter_position":"sidebar","filter_mode":"tag","show_filter_color_swatch":true,"filter_menu":"","grid_items_per_page":16,"grid_mobile_items_per_row":"2","grid_desktop_items_per_row":4}},"featured_collections_x4mEQV":{"type":"featured-collections","blocks":{"collection_aed8iw":{"type":"collection","settings":{"collection":"shop-all","title":"","grid_items_count":8,"button_text":"View all products"}}},"block_order":["collection_aed8iw"],"settings":{"title":"Featured collection","layout_mode":"grid","show_product_info":true,"show_vendor":false,"show_color_swatch":false,"grid_mobile_items_per_row":"2","grid_desktop_items_per_row":4}},"image_with_text_overlay_J8h9AP":{"type":"image-with-text-overlay","settings":{"section_size":"large","text_color":"#ffffff","overlay_color":"#000000","overlay_opacity":30,"subheading":"","title":"Tell your story","content":"<p>Add your own custom content to give more information about your store, availability details...<\/p>"}},"shop_the_look_7EC9cw":{"type":"shop-the-look","blocks":{"look_rPgzKV":{"type":"look","settings":{"dot_style":"light","product_1":"","product_1_horizontal_position":30,"product_1_vertical_position":40,"product_2":"","product_2_horizontal_position":45,"product_2_vertical_position":65,"product_3":"","product_3_horizontal_position":70,"product_3_vertical_position":50}}},"block_order":["look_rPgzKV"],"settings":{"subheading":"Shop","title":"Our looks","show_mobile_product_info":false}}},"order":["background_video_H9TABb","timeline_gAkK7d","featured_collections_7zq7xa","featured_collections_x4mEQV","image_with_text_overlay_J8h9AP","shop_the_look_7EC9cw"]}