{"sections":{"featured_collections_7zq7xa":{"type":"collection-template","disabled":true,"settings":{"show_collection_info":true,"show_collection_image":false,"apply_overlay":true,"show_color_swatch":false,"show_vendor":false,"collection_image_size":"normal","show_sort_by":true,"show_layout_switch":false,"toolbar_position":"top","filter_position":"sidebar","filter_mode":"tag","show_filter_color_swatch":true,"filter_menu":"","grid_items_per_page":16,"grid_mobile_items_per_row":"2","grid_desktop_items_per_row":4}},"slideshow_7HMVnU":{"type":"slideshow","blocks":{"image_xwUUJk":{"type":"image","settings":{"apply_overlay":true,"content_position":"bottomLeft","subheading":"Slide title","title":"Tell your story","button_1_text":"","button_1_link":"","button_2_text":"","button_2_link":""}},"image_Q6AtFR":{"type":"image","settings":{"apply_overlay":true,"content_position":"bottomLeft","subheading":"Slide title","title":"Tell your story","button_1_text":"","button_1_link":"","button_2_text":"","button_2_link":""}}},"block_order":["image_xwUUJk","image_Q6AtFR"],"settings":{"show_fullscreen":false,"show_arrow":false,"autoplay":true,"cycle_speed":5,"text_color":"#ffffff","button_color":"#363636","button_background":"#ffffff"}},"custom_html_rHdPzY":{"type":"custom-html","settings":{"subheading":"","title":"Welcome","html":"<span id=\"invite-name\"><\/span>"}},"featured_collections_wLx88J":{"type":"featured-collections","blocks":{"collection_PnmQzQ":{"type":"collection","settings":{"collection":"alfie-s-records","title":"","grid_items_count":8,"button_text":"View all products"}}},"block_order":["collection_PnmQzQ"],"settings":{"title":"Featured collection","layout_mode":"grid","show_product_info":true,"show_vendor":false,"show_color_swatch":false,"grid_mobile_items_per_row":"2","grid_desktop_items_per_row":4}},"featured_video_EpLy7G":{"type":"featured-video","settings":{"section_size":"large","text_color":"#ffffff","subheading":"","title":"Your video","image":"shopify:\/\/shop_images\/IMG_4090_3c4ff469-44fb-43cf-ab84-2728799b89fb.jpg","video_url":"https:\/\/www.youtube.com\/watch?v=_9VUPq3SxOc"}},"shop_the_look_V8fn9b":{"type":"shop-the-look","blocks":{"look_wB3XM7":{"type":"look","settings":{"dot_style":"light","product_1":"","product_1_horizontal_position":30,"product_1_vertical_position":40,"product_2":"","product_2_horizontal_position":45,"product_2_vertical_position":65,"product_3":"","product_3_horizontal_position":70,"product_3_vertical_position":50}}},"block_order":["look_wB3XM7"],"settings":{"subheading":"Shop","title":"Our looks","show_mobile_product_info":false}}},"order":["featured_collections_7zq7xa","slideshow_7HMVnU","custom_html_rHdPzY","featured_collections_wLx88J","featured_video_EpLy7G","shop_the_look_V8fn9b"]}