{"sections":{"slideshow_R3KTxh":{"type":"slideshow","blocks":{"image_imEmFQ":{"type":"image","settings":{"image":"shopify:\/\/shop_images\/IMG_3503.jpg","apply_overlay":true,"content_position":"bottomLeft","subheading":"Slide title","title":"Tell your story","button_1_text":"","button_1_link":"","button_2_text":"","button_2_link":""}}},"block_order":["image_imEmFQ"],"settings":{"show_fullscreen":false,"show_arrow":false,"autoplay":true,"cycle_speed":5,"text_color":"#ffffff","button_color":"#363636","button_background":"#ffffff"}},"page_image1_NcTpLn":{"type":"page-image1","settings":{"subheading":"Sub-heading","title":"Title","image_position":"right","content":"<p>Add your own custom content to give more information about your store, availability details...<\/p>","link_text":"","link_url":""}},"application_form_pyeHzK":{"type":"custom-app-form","settings":{"text_color":"#ffffff"}}},"order":["slideshow_R3KTxh","page_image1_NcTpLn","application_form_pyeHzK"]}