{"sections":{"featured_collections_7zq7xa":{"type":"featured-collections","blocks":{"collection_Rrmark":{"type":"collection","settings":{"collection":"alfie-s-records","title":"","grid_items_count":8,"button_text":"View all products"}}},"block_order":["collection_Rrmark"],"settings":{"title":"Featured collection","layout_mode":"grid","show_product_info":true,"show_vendor":false,"show_color_swatch":false,"grid_mobile_items_per_row":"2","grid_desktop_items_per_row":4}}},"order":["featured_collections_7zq7xa"]}