{"current":{"heading_color":"#2b2b2b","text_color":"#2b2b2b","text_light_color":"#2b2b2b","link_color":"#424443","background":"#efefef","light_background":"#efefef","product_on_sale_color":"#b25a38","button_background":"#9c9e9d","button_text_color":"#ffffff","header_background":"#d9dad2","header_heading_color":"#ffffff","header_light_color":"#363636","footer_background":"#dfe5e3","footer_heading_color":"#2b2b2b","footer_text_color":"#424443","navigation_background":"#2b2b2b","navigation_text_color":"#ffffff","newsletter_popup_background":"#fffcf7","newsletter_popup_text_color":"#4d4b30","secondary_elements_background":"#2b2b2b","secondary_elements_text_color":"#ffffff","heading_font":"montserrat_n7","heading_size":"small","uppercase_heading":true,"text_font":"montserrat_n4","base_text_font_size":14,"show_page_transition":false,"search_mode":"product,article","product_show_price_on_hover":false,"product_show_secondary_image":true,"product_info_alignment":"center","product_image_size":"natural","product_list_horizontal_spacing":"medium","product_list_vertical_spacing":"small","cart_type":"drawer","cart_enable_notes":true,"cart_show_free_shipping_threshold":false,"cart_free_shipping_threshold":"90","social_facebook":"https:\/\/www.facebook.com\/Alfiesmissionau\/","social_instagram":"https:\/\/www.instagram.com\/alfiesmission","favicon":"shopify:\/\/shop_images\/GoDaddyStudioPage-0_9072047b-f13a-44cc-ac92-d79b17d227a0.png","checkout_logo_image":"shopify:\/\/shop_images\/Over-Project_21.png","checkout_logo_position":"center","checkout_logo_size":"small","checkout_body_background_color":"#efefef","checkout_input_background_color_mode":"transparent","checkout_sidebar_background_color":"#dfe5e3","checkout_accent_color":"#2b2b2b","checkout_button_color":"#2a4b49","checkout_error_color":"#b25a38","sections":{"sidebar-menu":{"type":"sidebar-menu","settings":{"primary_menu":"main-menu","secondary_menu":"footer","show_social_media":true,"new_item":"CLOUD 9"}},"announcement":{"type":"announcement","settings":{"enable_bar":true,"enable_scroll":false,"home_page_only":false,"background":"#efefef","text_color":"#282828","content":"REFINED SUJI AVAILABLE IN STORE + ONLINE NOW - LIMITED STOCK","link":"shopify:\/\/products\/suji-pant","font-size":"12px","font-size-mobile":"12px","font_new":"montserrat_n7"}},"header":{"type":"header","settings":{"use_sticky_header":true,"logo":"shopify:\/\/shop_images\/IMG_7606.png","logo_max_width":140,"mobile_logo_max_width":115,"show_currency_selector":false,"show_locale_selector":false,"navigation_menu":"new-menu","navigation_style":"logoLeft","show_icons":false,"enable_transparent_header":true,"enable_transparent_header_collection":false,"show_transparent_header_border":false,"transparent_text_color":"#ffffff","new_item":"."}},"footer":{"type":"footer","settings":{}},"slideshow":{"type":"slideshow","blocks":{"image_KFaJmX":{"type":"image","settings":{"image":"shopify:\/\/shop_images\/ALFIE_S_MISSION-2513.jpg","mobile_image":"shopify:\/\/shop_images\/ALFIE_S_MISSION-2524_3925f28b-2dbf-4a48-ba46-408045942082.jpg","apply_overlay":false,"content_position":"bottomLeft","subheading":"REFINED SUJI","title":"LIVE NOW","button_1_text":"SHOP NOW","button_1_link":"shopify:\/\/products\/suji-pant","button_2_text":"","button_2_link":""}}},"block_order":["image_KFaJmX"],"settings":{"show_fullscreen":true,"show_arrow":false,"autoplay":false,"cycle_speed":7,"text_color":"#ffffff","button_color":"#2b2b2b","button_background":"#f8f0e3"}},"featured-collections":{"type":"featured-collections","blocks":{"collection_4JzDqz":{"type":"collection","settings":{"collection":"shop-by-category","title":"","grid_items_count":4,"button_text":"View all products"}}},"block_order":["collection_4JzDqz"],"custom_css":[".TabPanel .Container {display: none;}","@media screen and (max-width: 1007px) {.Section {display: none; }}","@media screen and (min-width: 1140px) {.ProductItem__Wrapper {padding: 10px; } .ProductList--grid {padding: 0px; } .ProductList {padding-left: var(--horizontal-spacing-four-products-per-row); } .Grid__Cell {padding: 0px !important; } .ProductListWrapper {padding: 0 40px; } .Container {padding: 0 50px; }}"],"settings":{"title":"","layout_mode":"grid","show_product_info":true,"show_vendor":false,"show_color_swatch":false,"grid_mobile_items_per_row":"1","grid_desktop_items_per_row":4}},"collection-list":{"type":"collection-list","blocks":{"collection-0":{"type":"collection","disabled":true,"settings":{"collection":"alfies-trip-to-ny-pt-1","image_alignment":"center center","content_position":"bottomLeft","subheading":"","title":"","button_text":"View products","button_link":"","apply_overlay":true}},"0c17e668-e4ec-44d1-900f-83bd4298c3c6":{"type":"collection","disabled":true,"settings":{"collection":"seoul-mission-p1","image":"shopify:\/\/shop_images\/Studio-Project_6.png","image_alignment":"center left","content_position":"bottomLeft","subheading":"","title":"SEOUL MISSION P2","button_text":"SHOP NOW","button_link":"shopify:\/\/collections\/seoul-mission-p1","apply_overlay":true}},"3213364d-13b8-4e28-a42d-a89f4e6f20cc":{"type":"collection","disabled":true,"settings":{"collection":"staples","image":"shopify:\/\/shop_images\/CG-000009800023.jpg","image_alignment":"center center","content_position":"bottomLeft","subheading":"SS 22 COLLECTION","title":"WEEKEND AT ALFIE'S","button_text":"SHOP NOW","button_link":"shopify:\/\/collections\/staples","apply_overlay":true}}},"block_order":["collection-0","0c17e668-e4ec-44d1-900f-83bd4298c3c6","3213364d-13b8-4e28-a42d-a89f4e6f20cc"],"settings":{"image_size":"small","add_spacing":true,"expand_collection":true,"stack_on_mobile":true,"text_color":"#ffffff","button_color":"#363636"}},"featured-product":{"type":"featured-product","settings":{"subheading":"","title":"Featured product","show_headings_on_mobile":true,"product":"","show_vendor":true,"show_sku":false,"show_description":true,"description_below_add_to_cart":false,"selector_mode":"dropdown","show_color_swatch":false,"show_color_carousel":false,"show_quantity_selector":true,"show_inventory_quantity":false,"inventory_quantity_threshold":3,"show_price_in_button":false,"show_payment_button":true,"show_pickup_availability":false}},"timeline":{"type":"timeline","blocks":{"item-0":{"type":"item","settings":{"image":"shopify:\/\/shop_images\/unnamed_f7acaccf-ea56-4f98-a5aa-44cfeb38ccb2.jpg","apply_overlay":true,"title":"2019","subheading":"","heading":"How it started","content":"<p>Add your own custom content to give more information about your store, availability details...<\/p>"}},"item-1":{"type":"item","settings":{"image":"shopify:\/\/shop_images\/Over-Project_8.png","apply_overlay":true,"title":"2020","subheading":"","heading":"Struggles","content":"<p>Add your own custom content to give more information about your store, availability details...<\/p>"}},"item-2":{"type":"item","settings":{"image":"shopify:\/\/shop_images\/Over-Project_-_2021-02-17T190801.668.jpg","apply_overlay":true,"title":"2021","subheading":"","heading":"Where we are now","content":"<p>Add your own custom content to give more information about your store, availability details...<\/p>"}},"c4420645-4697-4f78-824e-53ce1782e5d0":{"type":"item","settings":{"apply_overlay":true,"title":"2000","subheading":"Sub-heading","heading":"Heading","content":"<p>Add your own custom content to give more information about your store, availability details...<\/p>"}}},"block_order":["item-0","item-1","item-2","c4420645-4697-4f78-824e-53ce1782e5d0"],"disabled":true,"settings":{"text_color":"#ffffff"}},"blog-posts":{"type":"blog-posts","blocks":{"blog-0":{"type":"blog","settings":{"blog":"news"}}},"block_order":["blog-0"],"disabled":true,"settings":{"subheading":"","title":"Featured article","show_category":false,"button_text":"View all articles"}},"shop-the-look":{"type":"shop-the-look","blocks":{"99fa336f-91a5-47b6-994a-c28dc6965912":{"type":"look","settings":{"image":"shopify:\/\/shop_images\/6a5950c3-4afc-448b-bee1-e2eae146bd2e1.jpg","dot_style":"light","product_1":"the-akari-1","product_1_horizontal_position":55,"product_1_vertical_position":41,"product_2":"","product_2_horizontal_position":57,"product_2_vertical_position":77,"product_3":"","product_3_horizontal_position":68,"product_3_vertical_position":90}},"3f1029d7-dee7-43a6-b6af-87aed64fbdbd":{"type":"look","settings":{"image":"shopify:\/\/shop_images\/IMG_8731_0de55491-6bf0-44be-9dc3-f69eb919bbd81.jpg","dot_style":"light","product_1":"plum-shirt","product_1_horizontal_position":36,"product_1_vertical_position":39,"product_2":"copy-of-the-modiano","product_2_horizontal_position":74,"product_2_vertical_position":74,"product_3":"","product_3_horizontal_position":35,"product_3_vertical_position":23}},"1ea2330e-7fee-4c68-b57d-2178363da3d4":{"type":"look","settings":{"image":"shopify:\/\/shop_images\/IMG_62671.jpg","dot_style":"light","product_1":"club-short","product_1_horizontal_position":31,"product_1_vertical_position":70,"product_2":"","product_2_horizontal_position":36,"product_2_vertical_position":22,"product_3":"","product_3_horizontal_position":85,"product_3_vertical_position":85}},"look_bB8zj4":{"type":"look","settings":{"image":"shopify:\/\/shop_images\/IMG_67561.jpg","dot_style":"light","product_1":"our-specialty","product_1_horizontal_position":31,"product_1_vertical_position":51,"product_2":"","product_2_horizontal_position":50,"product_2_vertical_position":50,"product_3":"","product_3_horizontal_position":85,"product_3_vertical_position":85}}},"block_order":["99fa336f-91a5-47b6-994a-c28dc6965912","3f1029d7-dee7-43a6-b6af-87aed64fbdbd","1ea2330e-7fee-4c68-b57d-2178363da3d4","look_bB8zj4"],"custom_css":["@media screen and (min-width: 1008px) {.SectionHeader {display: none; } .ShopTheLook__ImageWrapper {width: 50% !important; } .ShopTheLook__ProductList {flex: none; margin: auto; } .ShopTheLook__Inner {display: inline-flex; align-items: center; justify-content: center; min-height: 550px; width: 100%; } .ShopTheLook {max-width: 1480px; margin: 0 auto; padding: 0px; } section.Section.Section--spacingNormal {padding: 0px; } .flickity-viewport {height: 710px; }}","@media screen and (max-width: 1007px) {.Section {display: none; }}"],"settings":{"subheading":"","title":"SHOP THE LOOK","show_mobile_product_info":true}},"collection-template":{"type":"collection-template","settings":{"show_collection_info":true,"show_collection_image":false,"apply_overlay":true,"show_color_swatch":false,"show_vendor":false,"collection_image_size":"normal","show_sort_by":true,"show_layout_switch":false,"toolbar_position":"bottom","filter_position":"sidebar","filter_mode":"tag","show_filter_color_swatch":true,"filter_menu":"","grid_items_per_page":16,"grid_mobile_items_per_row":"2","grid_desktop_items_per_row":4}},"recently-viewed-products":{"type":"recently-viewed-products","settings":{"show_section":true,"title":"Recently viewed","show_product_info":true,"show_vendor":false,"show_color_swatch":false}},"collection-footer":{"type":"collection-footer","settings":{"show_section":false,"text_color":"#ffffff","apply_overlay":true,"title":"Our story","content":"<p>Add your own custom content to explain your processes...<\/p>"}},"product-template":{"type":"product-template","settings":{"show_share_buttons":true,"show_vendor":true,"show_sku":false,"show_taxes_included":false,"description_below_add_to_cart":true,"selector_mode":"block","show_color_swatch":false,"show_color_carousel":true,"show_quantity_selector":true,"show_inventory_quantity":true,"inventory_quantity_threshold":3,"show_price_in_button":false,"show_payment_button":true,"show_pickup_availability":false,"image_size":"large","stack_images":true,"show_thumbnails":false,"enable_image_zoom":true,"enable_video_looping":false,"tab_page_1_handle":"","tab_page_2_handle":"","reviews_enabled":false,"featured_image_size":"large"}},"product-recommendations":{"type":"product-recommendations","settings":{"show_product_recommendations":true,"heading":"You may also like","show_product_info":true,"show_vendor":false,"show_color_swatch":false}},"popup":{"type":"popup","settings":{"show_popup":false,"show_only_on_index":true,"show_only_for_visitors":true,"show_only_once":true,"title":"JOIN THE MISSION","content":"<p>Enter your email for early access to Seoul Mission P.2<\/p>","show_newsletter":true,"apparition_delay":5}},"1623735329a9dae653":{"type":"newsletter","settings":{"section_size":"small","image":"shopify:\/\/shop_images\/IMG_5201.jpg","text_color":"#fdfdfd","button_color":"#000000","subheading":"","title":"Join the mission","content":""}},"162373608864b4b966":{"type":"custom-html","settings":{"subheading":"","title":"","html":"<div id=\"insta-feed\"><\/div>\n<style>\n#section-162373608864b4b966{\nmargin:0;\npadding:0;\n}\n#section-162373608864b4b966 > div{\nmargin:0;\npadding:0;\n}\n#insta-feed{\nmargin:0;\npadding-top:30px;\npadding-right:30px;\npadding-left:30px;\n}\n#section-162373608864b4b966 > div > header{\nmargin:0;\npadding:20px\n}\n.shopify-section--bordered+.shopify-section--bordered {\n    border-top: 0;\n}\n<\/style>"}},"page-image1":{"type":"page-image1","settings":{"subheading":"","title":"‘CHAPTER 06’","image":"shopify:\/\/shop_images\/7A6C8A85-21DA-427D-908C-FFE49CEAF3F2_147c5650-4012-4047-a21b-8097e053d904.jpg","image_position":"left","content":"<p>We couldn’t land on a name for our new drop. So we’ve named it<em> Chapter 06<\/em>.<\/p><p>It marks six years since we started this mission. Just three best mates (still best mates) in a garage in the backstreets of Bondi. Three became two. Two complete opposites in most ways, but somehow the perfect balance. Yin and yang. We had $500, no budget but we had a plan. Big dreamers with a clear vision. To make pieces you couldn’t find anywhere else. Clothes with character, quality, and a story.<\/p><p>From day one, we’ve had to fight for every cent. There were no investors, no safety nets. Just grit, long nights, and hustling our mates to buy clothes they didn’t need. We weren’t trying to build a brand for the sake of it, we were building clothes we actually wanted to wear.<\/p><p>That hasn’t changed!<\/p>","link_text":"","link_url":""}},"page-image2":{"type":"page-image2","settings":{"subheading":"","title":"","image":"shopify:\/\/shop_images\/67600766-be2c-4984-a3e8-50fae89244a4.jpg","image_position":"right","content":"<p>From day one till now, we’ve never dropped a collection just to keep the wheels turning or rushed pieces out, we’re not here to make a quick buck. We’re here to build a brand to be remebered. A brand that looks after its people and keeps them coming back. That means pushing to source the best fabrics we can get our hands on around the world and build pieces that feel better every time you wear them.<\/p><p>We’re not always going to be perfect, but we’ll always give everything we’ve got to put out the best quality we can, and to look after the people who support us.<\/p><p>We’ve learned that with a small budget, a big dream, and a relentless work ethic, the things you once talked about in a garage, can actually start to happen. They can happen for anyone. <\/p><p><\/p><p><\/p><p><\/p><p><\/p><p><\/p>","link_text":"","link_url":""}},"page-image3":{"type":"page-image3","settings":{"section_size":"large","image":"shopify:\/\/shop_images\/IMG_1422_6796fe8c-2a44-412b-ab7c-8a083a440980.jpg","text_color":"#ffffff","overlay_color":"#000000","overlay_opacity":10,"subheading":"","title":"CHAPTER 06","content":""}},"cart-template":{"type":"cart-template","settings":{"show_shipping_estimator":true,"shipping_estimator_default_country":"United States"}},"page-contact-template":{"type":"page-contact-template","blocks":{"page-contact-template-0":{"type":"text","settings":{"title":"Your phone (optional)","use_long_text":false,"is_required":false}},"7ee89112-d472-4bca-a335-f8b56856dfbc":{"type":"text","settings":{"title":"Subject","use_long_text":false,"is_required":false}}},"block_order":["page-contact-template-0","7ee89112-d472-4bca-a335-f8b56856dfbc"],"settings":{}},"password-template":{"type":"password-template","custom_css":[],"settings":{"logo":"shopify:\/\/shop_images\/Over-Project_19_916bd8db-0707-4119-9411-0d10ec60ee87.png","logo_max_width":225,"mobile_logo_max_width":180,"background_image":"shopify:\/\/shop_images\/3CB24D27-62C8-4578-ADA3-78663F625311.jpg","text_color":"#ffffff","heading":"“CHAPTER 6”","show_newsletter_signup":true,"newsletter_text":"<h6><em>LIVE AT 6PM AEST<\/em><\/h6>","show_social_sharing":false,"social_message":""}},"16578096786750d9ef":{"type":"custom-html-background","disabled":true,"settings":{"subheading":"","title":"","html":"<div class=\"klaviyo-form-RzgcHN\"><\/div>"}},"c0980154-1576-4eba-b0ff-753c612cc96c":{"type":"custom-html","disabled":true,"custom_css":[],"settings":{"subheading":"","title":"Refer a Friend","html":"<div style=\"max-width:600px;margin:auto;\"><form>      \n  <input name=\"name\" type=\"text\" class=\"feedback-input\" placeholder=\"Name\">  \n  <input name=\"IG\" type=\"text\" class=\"feedback-input\" placeholder=\"IG\"> \n  <input name=\"email\" type=\"text\" class=\"feedback-input\" placeholder=\"Email\">\n\n  <input type=\"submit\" value=\"SUBMIT\">\n<\/form><\/div>"}},"custom_html_7TbmAp":{"type":"custom-html","custom_css":[],"settings":{"subheading":"","title":"","html":"<a id=\"join\" class=\"anchor\"><\/a>"}},"featured_collections_Q4fQ8V":{"type":"featured-collections","blocks":{"collection_BpFTHf":{"type":"collection","settings":{"collection":"restocked","title":"","grid_items_count":12,"button_text":"View all products"}}},"block_order":["collection_BpFTHf"],"custom_css":[".TabPanel .Container {display: none;}","@media screen and (min-width: 1008px) {.ProductList--carousel {margin: 0px; } .ProductList--carousel .Carousel__Cell {padding: 0px !important; } .flickity-slider {margin-left: 30px !important; width: 105%; } .Section--spacingNormal {padding: 50px 0; } .ProductList--carousel .Carousel__Cell {padding: 0 !important; } .Container {padding: 0 calc(var(--horizontal-spacing-four-products-per-row) \/ 2); }}","@media screen and (max-width: 1007px) {.Section {display: none; }}"],"settings":{"title":"SHOP ALL","layout_mode":"carousel","show_product_info":true,"show_vendor":false,"show_color_swatch":false,"grid_mobile_items_per_row":"2","grid_desktop_items_per_row":4}},"featured_collections_AK4dyg":{"type":"featured-collections","blocks":{"collection_wpywHf":{"type":"collection","settings":{"collection":"restocked","title":"","grid_items_count":4,"button_text":"View all products"}}},"block_order":["collection_wpywHf"],"custom_css":["@media screen and (min-width: 1008px) {.Section {display: none; }}",".SectionFooter {display: none;}"],"settings":{"title":"","layout_mode":"grid","show_product_info":true,"show_vendor":false,"show_color_swatch":false,"grid_mobile_items_per_row":"2","grid_desktop_items_per_row":4}},"featured_collections_8GFD9p":{"type":"featured-collections","blocks":{"collection_wTPcc8":{"type":"collection","settings":{"collection":"shop-by-category","title":"SHOP BY CATEGORY","grid_items_count":5,"button_text":"View all products"}}},"block_order":["collection_wTPcc8"],"custom_css":[".Carousel__Cell {margin-left: 2% !important;}",".TabPanel .Container {display: none;}","@media screen and (min-width: 1008px) {.Section {display: none; }}"],"settings":{"title":"","layout_mode":"carousel","show_product_info":true,"show_vendor":false,"show_color_swatch":false,"grid_mobile_items_per_row":"1","grid_desktop_items_per_row":4}},"shop_the_look_gbHaea":{"type":"shop-the-look","blocks":{"look_YLXgVr":{"type":"look","settings":{"image":"shopify:\/\/shop_images\/IMG_5549.jpg","dot_style":"light","product_1":"toshi-shirt","product_1_horizontal_position":58,"product_1_vertical_position":56,"product_2":"","product_2_horizontal_position":60,"product_2_vertical_position":31,"product_3":"","product_3_horizontal_position":68,"product_3_vertical_position":90}},"look_3AbpNQ":{"type":"look","settings":{"image":"shopify:\/\/shop_images\/IMG_5551.jpg","dot_style":"light","product_1":"ash-jean","product_1_horizontal_position":42,"product_1_vertical_position":70,"product_2":"grey-denim-jacket","product_2_horizontal_position":54,"product_2_vertical_position":37,"product_3":"","product_3_horizontal_position":85,"product_3_vertical_position":85}},"look_FfLbWm":{"type":"look","settings":{"image":"shopify:\/\/shop_images\/IMG_5553.jpg","dot_style":"light","product_1":"002","product_1_horizontal_position":51,"product_1_vertical_position":16,"product_2":"","product_2_horizontal_position":32,"product_2_vertical_position":43,"product_3":"","product_3_horizontal_position":85,"product_3_vertical_position":85}},"look_NXNUVx":{"type":"look","settings":{"image":"shopify:\/\/shop_images\/IMG_5555_026718a5-9e11-4944-96ca-3e038038ba52.jpg","dot_style":"light","product_1":"pierre-short","product_1_horizontal_position":44,"product_1_vertical_position":62,"product_2":"bk-s-bucket-hat-copy","product_2_horizontal_position":42,"product_2_vertical_position":6,"product_3":"","product_3_horizontal_position":85,"product_3_vertical_position":85}}},"block_order":["look_YLXgVr","look_3AbpNQ","look_FfLbWm","look_NXNUVx"],"custom_css":["@media screen and (min-width: 1008px) {.Section {display: none; }}"],"settings":{"subheading":"","title":"SHOP THE LOOK","show_mobile_product_info":true}},"shop_the_look_MUQYyy":{"type":"shop-the-look","blocks":{"look_TdJKWT":{"type":"look","settings":{"image":"shopify:\/\/shop_images\/IMG_5549.jpg","dot_style":"light","product_1":"toshi-shirt","product_1_horizontal_position":58,"product_1_vertical_position":56,"product_2":"","product_2_horizontal_position":24,"product_2_vertical_position":65,"product_3":"","product_3_horizontal_position":68,"product_3_vertical_position":90}},"look_M3th3R":{"type":"look","settings":{"image":"shopify:\/\/shop_images\/IMG_5551.jpg","dot_style":"light","product_1":"ash-jean","product_1_horizontal_position":42,"product_1_vertical_position":70,"product_2":"grey-denim-jacket","product_2_horizontal_position":54,"product_2_vertical_position":37,"product_3":"","product_3_horizontal_position":85,"product_3_vertical_position":85}},"look_MwD4FJ":{"type":"look","settings":{"image":"shopify:\/\/shop_images\/IMG_5553.jpg","dot_style":"light","product_1":"002","product_1_horizontal_position":51,"product_1_vertical_position":16,"product_2":"","product_2_horizontal_position":32,"product_2_vertical_position":43,"product_3":"","product_3_horizontal_position":85,"product_3_vertical_position":85}},"look_KtxtFF":{"type":"look","settings":{"image":"shopify:\/\/shop_images\/IMG_5555_026718a5-9e11-4944-96ca-3e038038ba52.jpg","dot_style":"light","product_1":"pierre-short","product_1_horizontal_position":44,"product_1_vertical_position":62,"product_2":"bk-s-bucket-hat-copy","product_2_horizontal_position":42,"product_2_vertical_position":74,"product_3":"","product_3_horizontal_position":35,"product_3_vertical_position":23}}},"block_order":["look_TdJKWT","look_M3th3R","look_MwD4FJ","look_KtxtFF"],"custom_css":["@media screen and (max-width: 1007px) {.Section {display: none; }}"],"settings":{"subheading":"","title":"SHOP THE LOOK","show_mobile_product_info":true}},"background_video_qcE6gr":{"type":"background-video","disabled":true,"settings":{"section_size":"normal","video_url":""}}},"content_for_index":["slideshow","featured_collections_Q4fQ8V","featured_collections_AK4dyg","background_video_qcE6gr","shop_the_look_MUQYyy","shop_the_look_gbHaea","featured-collections","featured_collections_8GFD9p","custom_html_7TbmAp","1623735329a9dae653","collection-list","timeline","162373608864b4b966","c0980154-1576-4eba-b0ff-753c612cc96c","16578096786750d9ef"],"blocks":{"2153490007123654574":{"type":"shopify:\/\/apps\/consentmo-gdpr\/blocks\/gdpr_cookie_consent\/4fbe573f-a377-4fea-9801-3ee0858cae41","disabled":false,"settings":{}},"12526071353035850722":{"type":"shopify:\/\/apps\/back-in-stock-customer-alerts\/blocks\/app-embed\/bfa6a8c4-24e2-411a-9396-e35031b33f34","disabled":false,"settings":{}},"855628211100114053":{"type":"shopify:\/\/apps\/klaviyo-email-marketing-sms\/blocks\/klaviyo-onsite-embed\/2632fe16-c075-4321-a88b-50b567f42507","disabled":false,"settings":{}},"6588702529468458379":{"type":"shopify:\/\/apps\/ecomposer-builder\/blocks\/app-embed\/a0fc26e1-7741-4773-8b27-39389b4fb4a0","disabled":false,"settings":{}}}},"platform_customizations":{"custom_css":["video.homepage-bg {position: absolute; background: black; width: 200%;}",".ShopTheLook__DiscoverButtonWrapper {display: none;}",".ShopTheLook__ViewButton.Button.Button--primary.Button--full {display: none;}"]}}